Model,Split,N,Inference_Total_Time_s,Inference_Single_Time_s,R2,MSE,RMSE,CVRMSE,MAE,ACC10,ACC20,ACC30,MAPE
MultimodalViT,Training,20568,14.78699,0.0007189318,0.620272,2216.069336,47.075146,27.594113,35.145851,30.741929,56.544146,73.823415,24.868189
MultimodalViT,Test,5168,3.61552,0.0006995975,0.482122,3913.033203,62.554242,35.577439,43.971745,26.857585,49.361455,66.25387,30.747202
