Model,Split,N,Inference_Total_Time_s,Inference_Single_Time_s,R2,MSE,RMSE,CVRMSE,MAE,ACC10,ACC20,ACC30,MAPE
MultimodalEfficientNet,Training,20568,14.245766,0.000692618,0.653058,2024.733154,44.997035,26.375983,33.981377,31.033644,57.745041,75.384092,25.038746
MultimodalEfficientNet,Test,5168,5.09393,0.0009856676,0.494356,3820.592529,61.810942,35.15469,43.889698,26.25774,48.877709,66.718266,31.055325
